{"cameraMode":{"drawMode":0,"name":"Shaded","section":"Shading Mode"},"sceneLighting":false,"audioPlay":false,"sceneViewState":{"showFog":true,"showMaterialUpdate":false,"showSkybox":true,"showFlares":true,"showImageEffects":true,"showParticleSystems":true},"in2DMode":false,"pivot":{"x":41.8648796081543,"y":-269.9205322265625,"z":761.6951293945313},"rotation":{"x":-0.2167120724916458,"y":0.42398589849472048,"z":-0.10524511337280274,"w":-0.8730378150939941},"size":612.9437255859375,"orthographic":false}