{"cameraMode":{"drawMode":0,"name":"Shaded","section":"Shading Mode"},"sceneLighting":false,"audioPlay":false,"sceneViewState":{"showFog":true,"showMaterialUpdate":false,"showSkybox":true,"showFlares":true,"showImageEffects":true,"showParticleSystems":true},"in2DMode":false,"pivot":{"x":778.204345703125,"y":-53.61444854736328,"z":1056.0357666015625},"rotation":{"x":0.038073305040597919,"y":0.24769681692123414,"z":-0.009742948226630688,"w":0.9680567979812622},"size":704.8855590820313,"orthographic":false}